Instance,Flight ID
a31d1767-2dc9-4dcc-80a2-de469f1de704,d57927fb-2f22-4181-957a-bfdb9e24522d
0215cfeb-55e3-4581-8181-e3a785d6b5d2,7a78237c-9bca-4eeb-b52c-cb749242c478
cfbb0393-86af-4088-9063-e5fe087ca392,88b3caca-10be-420b-bf7a-418aa4bc3f54
35dc4b59-c3b9-4946-879e-1d5a87a0fda9,659d01f3-e847-4499-9be7-7ee52298f506
60102040-a7ca-45a5-89bc-8cd6a19de4c4,ba120a72-32a5-4df3-9edb-a02d12a26bce
d6560375-acda-48c7-b616-348a87f35390,9ca691a8-548f-4c74-8cdf-afd6b46d14fb
6d387560-7047-43f0-a078-6635256a50fc,97595c0b-56a6-4deb-82a6-875251ac2bf5
1206e7e2-e2c3-49ba-b215-9a07a9ba1106,97595c0b-56a6-4deb-82a6-875251ac2bf5
dc0008bb-499b-475a-b184-49a25df7db9a,fe6288d8-fa88-479b-82f5-f077a9fe0a0c
30b448c4-25ba-4c43-8177-57cd0e0a2964,14384880-454d-4866-9f98-b88dae179502
c6392f05-ef4f-4c8c-8119-e937dad96798,0420350b-8bfb-42a3-9d14-a377272ebff2
8a246ed3-c948-452e-9b90-161ffe546441,d48005a0-1f08-4be8-a24a-578605e70ede
d2909e9d-3108-4609-89ea-555e221fe189,3aaec77f-5453-4126-a111-6699bd66e71f
c0a2cb5e-9b76-4b4e-8995-f93cd952872a,f587a4d4-066d-443c-94de-c6c192013d00
f2c928dd-5194-4bc9-b080-e84c5841779e,b5bc0469-383a-417f-915c-817c480a2f80
00caaaa0-0d4d-4d3f-9c5e-7790c87142ae,4914260b-bb64-43e4-a8bd-179986a243a7
dc2a55f4-9793-4305-8229-9bf2f636b171,547b61d4-b8f8-4e27-a12e-2043f5ce258c
5a7c3cba-3d04-4324-839d-639520f783ba,da23311b-1df8-4633-a24e-f5bd00a3d502
0ab0c3cf-bf24-40d3-95d8-480f1289b031,dc890bdb-7148-40bf-94d8-deb73f5a32ce
ddc7a7b3-2bd0-45c0-ba24-13dfc360a585,c72b1f1d-dffc-4c4d-982f-53dfae2916fe
89f5d109-7640-49dc-97bc-eb185a0109f7,63a02cfd-9a60-4c99-9c38-bb7c11f76c61
a0dc79b1-183d-4974-b142-d0f095020d69,61082c06-6247-4587-8008-e1308025246b
8b62c1ef-0881-4595-8da1-94ddcd5f8cd3,47cac54f-6ddb-4441-8003-35d4892b0cfb
f2008127-941f-45cc-8cdd-2f466ac94012,3569c62b-565d-43e2-94e2-d2a643565567
bc2156d9-b7bd-40d9-89b0-e250ed6cd8dd,2c309eb1-ef8d-45aa-81aa-da099b7f562c
a82309d6-7ab0-4756-9755-53e650c77769,822ce2b3-2441-49f8-a51c-8534e97224eb
ab0a31db-fa97-4328-8d09-5645601891db,4cde88f0-18ed-48ad-b8ac-35893d2630a7
c8b41ff3-8e60-4f43-b936-9d9db330083f,e000203f-3de1-4fad-a063-432140e0331e
a78ce602-97f0-46d1-afd1-192ee13fb4bd,dd08bf57-958f-4fc4-a0d9-f8622811842b
e27a9f25-c706-43f0-8aaa-01608356b985,5c0d0c21-7d62-436c-93b5-15afdd7ec1d2
fa61d118-168e-48b6-929d-b40c66fd30d5,ecaa6cda-a9da-4faa-b072-09830413a8a4
84d6e70e-7ab5-4f6b-b679-01057ca7a757,af0369ae-4e7b-4d3b-89e7-692bab67e59d
b9f936dc-4251-48ea-93e6-451f369348cf,8cb6edf7-6794-4936-9a8b-d6ea5dd6e8b0
de8906d8-5dd6-49f6-9712-fc38eb09664d,bbd29d04-bc44-4f30-a2b4-5ec7f9e4820b
b72f3217-f3f0-4e7d-8254-cc808b27720f,7d75195e-b876-4cf3-99cc-2b52c2d941ff
899abb73-db1f-4923-a55b-204af9631ea6,d5473c66-8642-4fba-819b-df9e13dc81f5
5ea884ae-c120-4586-ab49-91f604451496,4d655355-b3b0-48cc-afa0-b2fe4515f5fd
244d8b1c-4dab-4d2d-98c9-130780921a9b,094bc65c-d8fe-4f7a-94d1-d38ccce693db
e83cb56e-b8dc-43e5-acf0-2b4fc9566b6c,cd8a8fdf-ab8e-4dba-8baf-b56fb3eb3b37
8bfdcca1-de3a-4a93-8e7d-d1d72c7a7abb,be7ebc7c-702d-4d10-839a-12f877bc6a97
34c899d5-20b1-4559-927e-a26804c4b473,18384a99-b34f-4dbb-aced-0ebcb16a9f4f
382972c7-da52-4d26-a1a8-79f37e02ad40,41384112-3a2b-41c2-b945-d467a8d4cff3
0be278ce-ba54-4cff-91ef-9b01127a84da,6e488272-6373-4a1e-8cc8-4e058b7bfd8d
e0f3ecb5-1bd1-4861-8183-8bd2de8697b0,264b0915-0cfd-4481-83af-6830caf5238e
75b193ad-17b0-4917-9312-c8545698b631,c80dad31-80ca-4641-9844-59adb97e651f
8ec5b93c-8c94-4a70-a807-e92360b3d50c,01a99e77-9f56-4a21-9fda-94194b351d7f
b70e00b7-2bdf-47f6-9734-b425ef20677b,a99f2f5f-b61c-45e5-b0d4-cebca9087180
a31d1767-2dc9-4dcc-80a2-de469f1de704,f9573444-7404-41c9-9288-c7ffab39c124
0215cfeb-55e3-4581-8181-e3a785d6b5d2,58330678-2f03-4a5e-baf4-2ddb59425938
cfbb0393-86af-4088-9063-e5fe087ca392,dada2d19-308a-4246-9a09-26fd6a44713c
35dc4b59-c3b9-4946-879e-1d5a87a0fda9,0580d37c-17dc-4368-a4cf-9ecd83f4b120
60102040-a7ca-45a5-89bc-8cd6a19de4c4,c8924382-1cff-460f-bc19-a218126c260d
d6560375-acda-48c7-b616-348a87f35390,5c234078-da3a-48ed-8a64-9585cabf82d0
6d387560-7047-43f0-a078-6635256a50fc,c691ce8f-d77c-48d7-a459-bea5900b579d
1206e7e2-e2c3-49ba-b215-9a07a9ba1106,44cc0617-e38c-4f72-98b0-e1202b9bb1e2
dc0008bb-499b-475a-b184-49a25df7db9a,c832eaea-2c13-4fd6-b064-0c89a4deb03e
30b448c4-25ba-4c43-8177-57cd0e0a2964,81e64753-ab22-44f3-8847-e3b8a77d919f
c6392f05-ef4f-4c8c-8119-e937dad96798,c454d893-62d7-459c-b855-e2cbf50e7247
8a246ed3-c948-452e-9b90-161ffe546441,90b806f6-53e9-42fc-b9df-9795f56f38dd
d2909e9d-3108-4609-89ea-555e221fe189,dffdbff3-709e-4952-ba2e-4ab87c63392f
c0a2cb5e-9b76-4b4e-8995-f93cd952872a,a3eef40d-9751-4f0b-8d82-dedae79c244a
f2c928dd-5194-4bc9-b080-e84c5841779e,58799344-4c74-4053-b4e4-6c112475f46b
00caaaa0-0d4d-4d3f-9c5e-7790c87142ae,a453cda0-737b-433d-9bc2-6f7c04ebf30b
dc2a55f4-9793-4305-8229-9bf2f636b171,8d579861-a992-40d3-af02-7f4250ee9e3c
5a7c3cba-3d04-4324-839d-639520f783ba,a9d971c1-6796-4b28-bba9-80ca8c80572f
0ab0c3cf-bf24-40d3-95d8-480f1289b031,8aa935a0-ccc5-4cba-8f2e-7eefa799740c
ddc7a7b3-2bd0-45c0-ba24-13dfc360a585,20d8da20-2c80-45f1-9164-6dc308fd1d4c
89f5d109-7640-49dc-97bc-eb185a0109f7,6fbf8a9d-45da-42ec-86e7-781bbb323cc0
a0dc79b1-183d-4974-b142-d0f095020d69,980cf29c-17e6-40b8-b3e8-44f1de0f4099
8b62c1ef-0881-4595-8da1-94ddcd5f8cd3,ad485f15-4179-4e97-b8d1-95c5d4b03d69
f2008127-941f-45cc-8cdd-2f466ac94012,7a208117-c0ba-4e83-a62c-e439dcd84e41
bc2156d9-b7bd-40d9-89b0-e250ed6cd8dd,cc1c4b1d-bed3-4389-9d48-c94042de4cf3
a82309d6-7ab0-4756-9755-53e650c77769,1c9e03c2-453c-4d44-a86d-76e6310341ca
ab0a31db-fa97-4328-8d09-5645601891db,3d99dc7e-2e1b-456e-9567-6af836479eb4
c8b41ff3-8e60-4f43-b936-9d9db330083f,ac997f1f-9ed6-4007-b40e-dcee9661c6d4
a78ce602-97f0-46d1-afd1-192ee13fb4bd,736da67f-ccb2-42b0-ac4e-83ba9bf26d53
e27a9f25-c706-43f0-8aaa-01608356b985,2768ae1e-ef54-4c93-b145-1eeedde40d6a
fa61d118-168e-48b6-929d-b40c66fd30d5,9bc5b6db-7cb9-4780-8122-6704d1f44262
84d6e70e-7ab5-4f6b-b679-01057ca7a757,21e35707-ea47-4c41-8953-49f818c18d11
b9f936dc-4251-48ea-93e6-451f369348cf,aae87161-4358-4456-be77-e6e735b5d973
de8906d8-5dd6-49f6-9712-fc38eb09664d,55a9da3e-9633-4f7a-9316-6ebc57064945
b72f3217-f3f0-4e7d-8254-cc808b27720f,a6f71c1b-6c48-4b38-9184-d4f6833e48c7
899abb73-db1f-4923-a55b-204af9631ea6,02c502f1-3f7c-4bbd-ac60-079498e5c09b
5ea884ae-c120-4586-ab49-91f604451496,a563cd9d-4081-479f-a2aa-e34a22859e4a
244d8b1c-4dab-4d2d-98c9-130780921a9b,8276e1cc-c518-41bc-acc8-3f9d29d92a9a
e83cb56e-b8dc-43e5-acf0-2b4fc9566b6c,56b4e665-1c9e-416d-a129-035569a37d78
8bfdcca1-de3a-4a93-8e7d-d1d72c7a7abb,b8db1c27-9d6d-4b78-b028-553d2a8074dc
34c899d5-20b1-4559-927e-a26804c4b473,905004aa-7951-4a5f-a40d-68864d5541ae
382972c7-da52-4d26-a1a8-79f37e02ad40,04653a76-464f-41f1-8434-44cf3bc794ca
0be278ce-ba54-4cff-91ef-9b01127a84da,31105cd8-3ea5-42d2-a3eb-e4be5d3b1524
e0f3ecb5-1bd1-4861-8183-8bd2de8697b0,58ed9d8c-5652-45e4-b5dd-7e5538cb8f9c
75b193ad-17b0-4917-9312-c8545698b631,91a6c0a8-092d-4d8b-89d0-94b5f88c0d94
8ec5b93c-8c94-4a70-a807-e92360b3d50c,58d09e32-7b08-40c8-b104-7ddc0ed76b12
b70e00b7-2bdf-47f6-9734-b425ef20677b,0bebe028-4e40-4da5-abe2-1f3d0e3bc8bb
